roi_label,condition,modality,parcel_category,parcel_name,hemisphere,mean_beta_mean,mean_beta_std,mean_beta_sem,mean_beta_count
lh_ag,bodies,visual,language,ag,lh,0.25222832707313686,0.361111585201898,0.1474231873253705,6
lh_ag,faces,visual,language,ag,lh,0.12150544993277675,0.23031682635125794,0.09402645062296346,6
lh_ag,false_belief,auditory,language,ag,lh,0.5195863255298926,0.4303823386161381,0.17570285398587782,6
lh_ag,false_photo,auditory,language,ag,lh,0.3032985623027585,0.47124999422395053,0.19238700452303314,6
lh_ag,math,auditory,language,ag,lh,-0.23673101381236064,0.36302419143749093,0.14820400555138183,6
lh_ag,nonwords,auditory,language,ag,lh,-0.07854019298339526,0.3337231323892936,0.13624189828617453,6
lh_ag,objects,visual,language,ag,lh,0.09341155117873241,0.2910807267542334,0.11883320908439463,6
lh_ag,quilted_speech,auditory,language,ag,lh,-0.03078344278363491,0.34405326199820785,0.14045915603928394,6
lh_ag,scenes,visual,language,ag,lh,0.02750786242008829,0.20213377753422207,0.08252076912334896,6
lh_ag,words_scr_objects,visual,language,ag,lh,-0.0012193515080858957,0.2696331127578573,0.11007725733584525,6
lh_antparietal,bodies,visual,md,antparietal,lh,0.2763026044690203,0.29609674777636025,0.12088099109160871,6
lh_antparietal,faces,visual,md,antparietal,lh,0.20473600088373992,0.20763730844723158,0.08476757621010012,6
lh_antparietal,false_belief,auditory,md,antparietal,lh,-0.024599438529001507,0.23364439735751566,0.09538492579766529,6
lh_antparietal,false_photo,auditory,md,antparietal,lh,0.10228588521828286,0.31469044184317335,0.1284718349077932,6
lh_antparietal,math,auditory,md,antparietal,lh,0.8655046985432832,0.33670794106952706,0.13746044132724156,6
lh_antparietal,nonwords,auditory,md,antparietal,lh,0.13191078622277316,0.21208689016863186,0.08658411034114104,6
lh_antparietal,objects,visual,md,antparietal,lh,0.26260749749753376,0.2465967257745828,0.10067269173145946,6
lh_antparietal,quilted_speech,auditory,md,antparietal,lh,0.14972540990467376,0.1776129914327086,0.07251020011657602,6
lh_antparietal,scenes,visual,md,antparietal,lh,0.28562414725745416,0.26361000905740734,0.10761833554685,6
lh_antparietal,words_scr_objects,visual,md,antparietal,lh,0.22307371002458556,0.2049629936068853,0.0836757917483666,6
lh_anttemp,bodies,visual,language,anttemp,lh,0.34125540436007656,0.34229490451080297,0.13974130960102654,6
lh_anttemp,faces,visual,language,anttemp,lh,0.23645595653807974,0.26606220966867294,0.10861944225427361,6
lh_anttemp,false_belief,auditory,language,anttemp,lh,0.9865977430931864,0.4744628280249309,0.19369863842982787,6
lh_anttemp,false_photo,auditory,language,anttemp,lh,0.7786847642489182,0.5072081740039156,0.20706686994639611,6
lh_anttemp,math,auditory,language,anttemp,lh,-0.2323788142348809,0.35342486462659,0.14428509679122759,6
lh_anttemp,nonwords,auditory,language,anttemp,lh,-0.03949961564059903,0.282103681974857,0.11516834589979666,6
lh_anttemp,objects,visual,language,anttemp,lh,0.2770335836884444,0.3166944048645741,0.1292899493854329,6
lh_anttemp,quilted_speech,auditory,language,anttemp,lh,-0.16142046533665538,0.14376084518179036,0.058690119281106,6
lh_anttemp,scenes,visual,language,anttemp,lh,0.2857162183734521,0.3715068444017571,0.15166703412264168,6
lh_anttemp,words_scr_objects,visual,language,anttemp,lh,0.13280969236920656,0.3360124841290246,0.1371765222201902,6
lh_eba,bodies,visual,julian,eba,lh,0.7454243742105328,0.48304454104661565,0.19720210810018216,6
lh_eba,faces,visual,julian,eba,lh,0.4418255416855727,0.6371151760809939,0.2601011814636488,6
lh_eba,false_belief,auditory,julian,eba,lh,0.5149505629012233,0.4435267630367219,0.18106904278471259,6
lh_eba,false_photo,auditory,julian,eba,lh,0.48656354375418115,0.39759767311584526,0.16231857034195366,6
lh_eba,math,auditory,julian,eba,lh,0.3173808189476399,0.3167086430086673,0.1292957620834183,6
lh_eba,nonwords,auditory,julian,eba,lh,0.4108431267016432,0.3769575461477215,0.15389227379226003,6
lh_eba,objects,visual,julian,eba,lh,0.5388050925828266,0.4139997932213929,0.16901470783502645,6
lh_eba,quilted_speech,auditory,julian,eba,lh,0.3176194004091123,0.36461858787704193,0.14885491517215016,6
lh_eba,scenes,visual,julian,eba,lh,0.08868134277151372,0.21890001520106722,0.08936555698834932,6
lh_eba,words_scr_objects,visual,julian,eba,lh,0.1469153019585878,0.21015791598744293,0.08579660992932173,6
lh_ffa,bodies,visual,julian,ffa,lh,0.28590723517585265,0.2762683384932611,0.11278607689916569,6
lh_ffa,faces,visual,julian,ffa,lh,0.7444720577861456,0.8320732710261,0.3396924904370799,6
lh_ffa,false_belief,auditory,julian,ffa,lh,0.39179230065442566,0.42483955435125376,0.17344002178532877,6
lh_ffa,false_photo,auditory,julian,ffa,lh,0.3633223266709476,0.27985665148443545,0.11425099954346188,6
lh_ffa,math,auditory,julian,ffa,lh,0.3319170464291072,0.29093762403533113,0.11877478764404205,6
lh_ffa,nonwords,auditory,julian,ffa,lh,0.36685775143122945,0.31463665547081215,0.12844987671322652,6
lh_ffa,objects,visual,julian,ffa,lh,0.2670302789657413,0.25544367234486287,0.10428444254460142,6
lh_ffa,quilted_speech,auditory,julian,ffa,lh,0.38401528898369613,0.3905974250158964,0.15946073102232663,6
lh_ffa,scenes,visual,julian,ffa,lh,0.22652423146783998,0.14018067293774364,0.05722852008290775,6
lh_ffa,words_scr_objects,visual,julian,ffa,lh,0.2035687906943997,0.1990729184985225,0.08127117865467373,6
lh_ifg,bodies,visual,language,ifg,lh,0.37421326431296764,0.3589492358692451,0.14654041190692924,6
lh_ifg,faces,visual,language,ifg,lh,0.3339641990775108,0.3008415418304515,0.12281804515279454,6
lh_ifg,false_belief,auditory,language,ifg,lh,0.8472163958129014,0.49573320495493006,0.20238223344902204,6
lh_ifg,false_photo,auditory,language,ifg,lh,0.7536175543409102,0.5025811504025637,0.20517789547120827,6
lh_ifg,math,auditory,language,ifg,lh,0.08045354913460755,0.33522711000052774,0.1368558945748568,6
lh_ifg,nonwords,auditory,language,ifg,lh,0.0873120922780208,0.32236536786148445,0.13160511033420536,6
lh_ifg,objects,visual,language,ifg,lh,0.35083488823857617,0.3358956678511711,0.13712883217445815,6
lh_ifg,quilted_speech,auditory,language,ifg,lh,-0.029960152726729944,0.10866215977011305,0.0443611409642598,6
lh_ifg,scenes,visual,language,ifg,lh,0.31077627116540346,0.3381692938515295,0.13805703610225864,6
lh_ifg,words_scr_objects,visual,language,ifg,lh,0.2600239456973266,0.33237081401651175,0.1356898166223235,6
lh_ifgorb,bodies,visual,language,ifgorb,lh,0.4443713804695783,0.3725410645346324,0.15208925272385135,6
lh_ifgorb,faces,visual,language,ifgorb,lh,0.2922985473426469,0.3208028374943203,0.13096720998301273,6
lh_ifgorb,false_belief,auditory,language,ifgorb,lh,0.8293300594181763,0.4561554972278352,0.18622470192895715,6
lh_ifgorb,false_photo,auditory,language,ifgorb,lh,0.6960208765928847,0.5946178278868852,0.24275171171415644,6
lh_ifgorb,math,auditory,language,ifgorb,lh,0.09113318547451055,0.4289915067362763,0.17513504924860157,6
lh_ifgorb,nonwords,auditory,language,ifgorb,lh,0.1243637697610296,0.3780453513732708,0.1543363684159482,6
lh_ifgorb,objects,visual,language,ifgorb,lh,0.4019198710176997,0.3426914334170272,0.1399031918491121,6
lh_ifgorb,quilted_speech,auditory,language,ifgorb,lh,0.020394971132558854,0.19151372221859736,0.07818514969611351,6
lh_ifgorb,scenes,visual,language,ifgorb,lh,0.3236059687017749,0.43368083535329754,0.17704945963992377,6
lh_ifgorb,words_scr_objects,visual,language,ifgorb,lh,0.235460101501617,0.46011617629725715,0.18784164238812465,6
lh_insula,bodies,visual,md,insula,lh,0.24370479095322037,0.15449733588310216,0.06307327325549769,6
lh_insula,faces,visual,md,insula,lh,0.1643806838812509,0.11967640366116135,0.04885768720353232,6
lh_insula,false_belief,auditory,md,insula,lh,0.1423007925734667,0.16503797499773729,0.067376471154444,6
lh_insula,false_photo,auditory,md,insula,lh,0.18183693037351878,0.2392901142022736,0.09768978004798075,6
lh_insula,math,auditory,md,insula,lh,0.4398656656553532,0.1533336594570169,0.06259820434389529,6
lh_insula,nonwords,auditory,md,insula,lh,0.15152416961524426,0.16241618413849407,0.0663061295182042,6
lh_insula,objects,visual,md,insula,lh,0.14651026889766036,0.1735176642595914,0.07083828979926073,6
lh_insula,quilted_speech,auditory,md,insula,lh,0.12569145737251272,0.08997333834660046,0.03673146156732637,6
lh_insula,scenes,visual,md,insula,lh,0.23819745903249845,0.1286458660362205,0.05251945488453015,6
lh_insula,words_scr_objects,visual,md,insula,lh,0.2098722880442467,0.2319451736411659,0.09469122062034985,6
lh_loc,bodies,visual,julian,loc,lh,1.0309206971687723,0.46585893528329114,0.190186113926719,6
lh_loc,faces,visual,julian,loc,lh,0.47959904301935197,0.4685540592961395,0.19128639369755246,6
lh_loc,false_belief,auditory,julian,loc,lh,0.7589152305737265,0.40962357910492125,0.16722812590327307,6
lh_loc,false_photo,auditory,julian,loc,lh,0.7384968230723555,0.37194342980428624,0.15184526936686568,6
lh_loc,math,auditory,julian,loc,lh,0.5243551541102078,0.34287791755955044,0.13997932368149582,6
lh_loc,nonwords,auditory,julian,loc,lh,0.7073763079191545,0.3501757289178233,0.1429586426926385,6
lh_loc,objects,visual,julian,loc,lh,1.1383714110136836,0.46312797864370053,0.18907120554727522,6
lh_loc,quilted_speech,auditory,julian,loc,lh,0.5939565597691772,0.27059963158215256,0.11047183699356494,6
lh_loc,scenes,visual,julian,loc,lh,0.422082362217933,0.30453887461506945,0.12432747494139083,6
lh_loc,words_scr_objects,visual,julian,loc,lh,0.27590963122513174,0.20195947915092388,0.08244961210633686,6
lh_medialfrontal,bodies,visual,md,medialfrontal,lh,0.3430432951337173,0.20152043776354894,0.08227037421049815,6
lh_medialfrontal,faces,visual,md,medialfrontal,lh,0.25940820670917225,0.2994374947863567,0.122244845347312,6
lh_medialfrontal,false_belief,auditory,md,medialfrontal,lh,0.216041010961066,0.27264052540709854,0.1113050284086174,6
lh_medialfrontal,false_photo,auditory,md,medialfrontal,lh,0.2055428003512115,0.3210437380444331,0.13106555722076807,6
lh_medialfrontal,math,auditory,md,medialfrontal,lh,0.648992958829148,0.318157791032575,0.12988737428680772,6
lh_medialfrontal,nonwords,auditory,md,medialfrontal,lh,0.1458488216763001,0.3236934524540583,0.13214729859871502,6
lh_medialfrontal,objects,visual,md,medialfrontal,lh,0.22403405589768308,0.1993007543138875,0.08136419223680294,6
lh_medialfrontal,quilted_speech,auditory,md,medialfrontal,lh,0.18007224949508585,0.189757567186762,0.07746820240657722,6
lh_medialfrontal,scenes,visual,md,medialfrontal,lh,0.29387354743847177,0.25246681709827484,0.10306914647922348,6
lh_medialfrontal,words_scr_objects,visual,md,medialfrontal,lh,0.2423669661327479,0.30775592324185097,0.1256408295436135,6
lh_mfg,bodies,visual,language,mfg,lh,0.5289173376854844,0.37865691842289306,0.1545860396184605,6
lh_mfg,faces,visual,language,mfg,lh,0.4456260439730824,0.3367143095078797,0.13746304123131195,6
lh_mfg,false_belief,auditory,language,mfg,lh,1.0772305686238,0.4215150714832024,0.1720828073377704,6
lh_mfg,false_photo,auditory,language,mfg,lh,0.8389806558837201,0.5584506699586523,0.2279865313190188,6
lh_mfg,math,auditory,language,mfg,lh,0.2852833782985777,0.4739852455113198,0.1935036661850907,6
lh_mfg,nonwords,auditory,language,mfg,lh,0.04390006377819026,0.36241472284645265,0.14795519104099902,6
lh_mfg,objects,visual,language,mfg,lh,0.45592108313237056,0.3475919834902335,0.14190383303883114,6
lh_mfg,quilted_speech,auditory,language,mfg,lh,0.0448532037366983,0.2331117934327199,0.09516749115587307,6
lh_mfg,scenes,visual,language,mfg,lh,0.44430696562122945,0.4595489339703922,0.18761006667790328,6
lh_mfg,words_scr_objects,visual,language,mfg,lh,0.2925474355823467,0.3403342684224405,0.13894088326973084,6
lh_midfrontal,bodies,visual,md,midfrontal,lh,0.17279769168307965,0.16923976909196994,0.06909184641029564,6
lh_midfrontal,faces,visual,md,midfrontal,lh,0.20395887095063323,0.15931754823477565,0.0650411167077412,6
lh_midfrontal,false_belief,auditory,md,midfrontal,lh,-0.0601044013669754,0.13648155003549378,0.055718359481848515,6
lh_midfrontal,false_photo,auditory,md,midfrontal,lh,0.09526199332687907,0.2289787712680351,0.09348019192269123,6
lh_midfrontal,math,auditory,md,midfrontal,lh,0.6171417479705325,0.24839148734883376,0.10140540007593764,6
lh_midfrontal,nonwords,auditory,md,midfrontal,lh,0.10218565643410304,0.14926469180248944,0.060937055254981706,6
lh_midfrontal,objects,visual,md,midfrontal,lh,0.10950484969202114,0.10949353034711391,0.04470054658106236,6
lh_midfrontal,quilted_speech,auditory,md,midfrontal,lh,0.14675239730747905,0.13351124525852798,0.05450573763449559,6
lh_midfrontal,scenes,visual,md,midfrontal,lh,0.20199666944929853,0.21504006187293462,0.08778973764086889,6
lh_midfrontal,words_scr_objects,visual,md,midfrontal,lh,0.10450077987420708,0.12249945973209475,0.050010195018374504,6
lh_midparietal,bodies,visual,md,midparietal,lh,0.39170242269548333,0.3296132451411775,0.13456404384313192,6
lh_midparietal,faces,visual,md,midparietal,lh,0.3111339940513111,0.29584872573479554,0.12077973651714256,6
lh_midparietal,false_belief,auditory,md,midparietal,lh,0.07064477326743013,0.34261775622414614,0.1398731132610722,6
lh_midparietal,false_photo,auditory,md,midparietal,lh,0.2330610130163506,0.3753880966521393,0.15325154871871924,6
lh_midparietal,math,auditory,md,midparietal,lh,0.9999315630989,0.41601583589383734,0.16983775380955407,6
lh_midparietal,nonwords,auditory,md,midparietal,lh,0.2553827854473794,0.3023759030663545,0.12344444550430597,6
lh_midparietal,objects,visual,md,midparietal,lh,0.34144310994482513,0.26810288109396174,0.10945254287504622,6
lh_midparietal,quilted_speech,auditory,md,midparietal,lh,0.20853270953889036,0.22965675838471464,0.0937569790040322,6
lh_midparietal,scenes,visual,md,midparietal,lh,0.37124642144118253,0.3454824515115533,0.14104262021485608,6
lh_midparietal,words_scr_objects,visual,md,midparietal,lh,0.31734007137248366,0.2942859536971716,0.12014173750439786,6
lh_ofa,bodies,visual,julian,ofa,lh,0.41037312541283494,0.2882084352162069,0.1176606009742815,6
lh_ofa,faces,visual,julian,ofa,lh,0.7794260642565195,0.4092074112729498,0.16705822609732465,6
lh_ofa,false_belief,auditory,julian,ofa,lh,0.5103129835544485,0.32420444480201865,0.13235591035120994,6
lh_ofa,false_photo,auditory,julian,ofa,lh,0.43175116502668626,0.27286164859070794,0.11139530157030786,6
lh_ofa,math,auditory,julian,ofa,lh,0.6117337572233976,0.23291565615912818,0.095087418449233,6
lh_ofa,nonwords,auditory,julian,ofa,lh,0.5408569459627032,0.26018027022128304,0.10621815053026473,6
lh_ofa,objects,visual,julian,ofa,lh,0.4543260196035224,0.27916443438737465,0.11396840309695697,6
lh_ofa,quilted_speech,auditory,julian,ofa,lh,0.4813873018557502,0.27638822029421284,0.11283501843946198,6
lh_ofa,scenes,visual,julian,ofa,lh,0.4171521857524494,0.29091013137678184,0.11876356381318899,6
lh_ofa,words_scr_objects,visual,julian,ofa,lh,0.42204826748176333,0.18720840986335405,0.07642751328717248,6
lh_opa,bodies,visual,julian,opa,lh,0.5299050288202798,0.5275122499273138,0.2153559742315719,6
lh_opa,faces,visual,julian,opa,lh,0.38592233119641167,0.44196572034329196,0.18043174977377874,6
lh_opa,false_belief,auditory,julian,opa,lh,0.7332907182363321,0.6103286204528988,0.24916561592106384,6
lh_opa,false_photo,auditory,julian,opa,lh,0.6853561437275221,0.5939883019156513,0.24249470881259758,6
lh_opa,math,auditory,julian,opa,lh,0.6298204561715172,0.6068736174425775,0.24775511684855267,6
lh_opa,nonwords,auditory,julian,opa,lh,0.7364872851058725,0.5432894677612335,0.22179699644054562,6
lh_opa,objects,visual,julian,opa,lh,0.6309982820727463,0.46841577703484727,0.1912299402007784,6
lh_opa,quilted_speech,auditory,julian,opa,lh,0.6326059202076769,0.5888147764232639,0.2403826258746592,6
lh_opa,scenes,visual,julian,opa,lh,0.9188581872744813,0.5873297375934604,0.23977636131111948,6
lh_opa,words_scr_objects,visual,julian,opa,lh,0.9153258349043986,0.7924691904340052,0.32352419223996415,6
lh_postparietal,bodies,visual,md,postparietal,lh,0.228828910786012,0.19677247799923653,0.08033202775352641,6
lh_postparietal,faces,visual,md,postparietal,lh,0.22333997803360314,0.22719731851074135,0.09275291687998394,6
lh_postparietal,false_belief,auditory,md,postparietal,lh,0.03675496731335681,0.2032100294028014,0.082960147108805,6
lh_postparietal,false_photo,auditory,md,postparietal,lh,0.17887563686238014,0.18253022919384734,0.07451765402636527,6
lh_postparietal,math,auditory,md,postparietal,lh,0.655629387187575,0.30087166678992816,0.12283034361600119,6
lh_postparietal,nonwords,auditory,md,postparietal,lh,0.235364588554276,0.19682802580962955,0.08035470505215837,6
lh_postparietal,objects,visual,md,postparietal,lh,0.23974977129454644,0.15980574460862282,0.06524042204277496,6
lh_postparietal,quilted_speech,auditory,md,postparietal,lh,0.20039913730849776,0.20182107261889493,0.082393107876247,6
lh_postparietal,scenes,visual,md,postparietal,lh,0.33972931700408293,0.16903295383970623,0.06900741443711714,6
lh_postparietal,words_scr_objects,visual,md,postparietal,lh,0.235189857838542,0.17983800150572885,0.07341855667515142,6
lh_posttemp,bodies,visual,language,posttemp,lh,0.7398274544422141,0.46200261047142005,0.18861177591479925,6
lh_posttemp,faces,visual,language,posttemp,lh,0.6028964252075262,0.4509736685131513,0.18410922921471085,6
lh_posttemp,false_belief,auditory,language,posttemp,lh,1.4349006018412993,0.7230264266976044,0.29517430265949257,6
lh_posttemp,false_photo,auditory,language,posttemp,lh,1.1056961247386174,0.7150969683976932,0.29193711486424934,6
lh_posttemp,math,auditory,language,posttemp,lh,0.26364634981893914,0.391629065858151,0.15988189663254976,6
lh_posttemp,nonwords,auditory,language,posttemp,lh,0.24412669817138485,0.4176616346437344,0.1705096483356471,6
lh_posttemp,objects,visual,language,posttemp,lh,0.6437059827472066,0.45464535379858306,0.1856081884556097,6
lh_posttemp,quilted_speech,auditory,language,posttemp,lh,0.07190189777433602,0.20567651815559423,0.08396708692558102,6
lh_posttemp,scenes,visual,language,posttemp,lh,0.5802611314797549,0.5032588266484909,0.20545455564009596,6
lh_posttemp,words_scr_objects,visual,language,posttemp,lh,0.4810340862063323,0.46851722526853457,0.19127135626875183,6
lh_ppa,bodies,visual,julian,ppa,lh,-0.03748690370653246,0.23024860731097432,0.09399860031639058,6
lh_ppa,faces,visual,julian,ppa,lh,-0.08670330078101547,0.16208591085356178,0.0661712960142447,6
lh_ppa,false_belief,auditory,julian,ppa,lh,0.4402186062448849,0.34812170973979467,0.1421200928746283,6
lh_ppa,false_photo,auditory,julian,ppa,lh,0.15516095204311844,0.25157304353607046,0.10270426495039175,6
lh_ppa,math,auditory,julian,ppa,lh,0.033669244680592014,0.17022785496132276,0.06949523077729045,6
lh_ppa,nonwords,auditory,julian,ppa,lh,0.21604876381989815,0.16777079311460624,0.06849213947880445,6
lh_ppa,objects,visual,julian,ppa,lh,0.21235525562897054,0.2569911392546152,0.10491619326505722,6
lh_ppa,quilted_speech,auditory,julian,ppa,lh,0.2075871858843075,0.26319925066727173,0.10745064413628343,6
lh_ppa,scenes,visual,julian,ppa,lh,0.9520745114902901,0.603994666946385,0.246579790230152,6
lh_ppa,words_scr_objects,visual,julian,ppa,lh,-0.0984887445741018,0.218258287664401,0.08910357281856175,6
lh_precentral_a_precg,bodies,visual,md,precentral_a_precg,lh,0.3426252312253251,0.19554749799429508,0.07983193176065664,6
lh_precentral_a_precg,faces,visual,md,precentral_a_precg,lh,0.23907556361202376,0.15863987269318788,0.06476445682639881,6
lh_precentral_a_precg,false_belief,auditory,md,precentral_a_precg,lh,0.04148914748721602,0.2038287926547401,0.08321275614861084,6
lh_precentral_a_precg,false_photo,auditory,md,precentral_a_precg,lh,0.2378843174050879,0.28565457234784614,0.11661799082419406,6
lh_precentral_a_precg,math,auditory,md,precentral_a_precg,lh,0.9347029152886646,0.29372402756723415,0.11991233212248391,6
lh_precentral_a_precg,nonwords,auditory,md,precentral_a_precg,lh,0.18528790938203765,0.2241512029664376,0.09150934541646652,6
lh_precentral_a_precg,objects,visual,md,precentral_a_precg,lh,0.33098146638928944,0.16933752884529454,0.06913175666246658,6
lh_precentral_a_precg,quilted_speech,auditory,md,precentral_a_precg,lh,0.17348660375658898,0.16758118557971213,0.06841473252682485,6
lh_precentral_a_precg,scenes,visual,md,precentral_a_precg,lh,0.3495088163276454,0.203180856730331,0.08294823741514071,6
lh_precentral_a_precg,words_scr_objects,visual,md,precentral_a_precg,lh,0.32709310673943676,0.21337270692916288,0.08710904283547762,6
lh_precentral_b_ifgop,bodies,visual,md,precentral_b_ifgop,lh,0.3176013324030926,0.1716575066404485,0.07007888363125231,6
lh_precentral_b_ifgop,faces,visual,md,precentral_b_ifgop,lh,0.2911627011023666,0.14558246365765237,0.059433791909754057,6
lh_precentral_b_ifgop,false_belief,auditory,md,precentral_b_ifgop,lh,0.19283891348435978,0.1930185704783019,0.07879950142554541,6
lh_precentral_b_ifgop,false_photo,auditory,md,precentral_b_ifgop,lh,0.32183012331568167,0.23197947338823469,0.09470522343345401,6
lh_precentral_b_ifgop,math,auditory,md,precentral_b_ifgop,lh,0.7479007733567999,0.19564321247738184,0.07987100703474945,6
lh_precentral_b_ifgop,nonwords,auditory,md,precentral_b_ifgop,lh,0.20216378385499958,0.20260883275168728,0.08271470960375507,6
lh_precentral_b_ifgop,objects,visual,md,precentral_b_ifgop,lh,0.3217785864938685,0.1314133274338361,0.053649266269031465,6
lh_precentral_b_ifgop,quilted_speech,auditory,md,precentral_b_ifgop,lh,0.18202589695636187,0.10111267841757349,0.04127907810819672,6
lh_precentral_b_ifgop,scenes,visual,md,precentral_b_ifgop,lh,0.32205721403265203,0.1710853599752022,0.0698453057332709,6
lh_precentral_b_ifgop,words_scr_objects,visual,md,precentral_b_ifgop,lh,0.3190705494644086,0.18245823882852377,0.07448826408279206,6
lh_rsc,bodies,visual,julian,rsc,lh,0.0791545173169257,0.28595503189123866,0.11674065291913761,6
lh_rsc,faces,visual,julian,rsc,lh,0.01112928901817821,0.20275365101359594,0.08277383141160723,6
lh_rsc,false_belief,auditory,julian,rsc,lh,0.42655338268409543,0.43130748549445797,0.17608054361737988,6
lh_rsc,false_photo,auditory,julian,rsc,lh,0.27429742321714434,0.4169543889981745,0.17022091650990928,6
lh_rsc,math,auditory,julian,rsc,lh,0.37132083408641353,0.41166639213919315,0.16806210083225187,6
lh_rsc,nonwords,auditory,julian,rsc,lh,0.3893289123884496,0.5018956783732517,0.2048980526870808,6
lh_rsc,objects,visual,julian,rsc,lh,0.3780188367869753,0.5950274316132692,0.24291893173522033,6
lh_rsc,quilted_speech,auditory,julian,rsc,lh,0.3571936204438922,0.48636516564070903,0.19855774741399304,6
lh_rsc,scenes,visual,julian,rsc,lh,1.1840364759800739,1.1360431871093726,0.4637876890305198,6
lh_rsc,words_scr_objects,visual,julian,rsc,lh,0.12637542264201088,0.3491936439847161,0.14255770819760713,6
lh_sts,bodies,visual,julian,sts,lh,0.45839208501236356,0.21731826279312358,0.08871980927186923,6
lh_sts,faces,visual,julian,sts,lh,0.3609413569969044,0.3070580482421794,0.1253559232680401,6
lh_sts,false_belief,auditory,julian,sts,lh,0.627328958837588,0.26867450941615045,0.10968590916036049,6
lh_sts,false_photo,auditory,julian,sts,lh,0.5156836150869747,0.3550861915517262,0.14496333066831601,6
lh_sts,math,auditory,julian,sts,lh,0.22235694756955496,0.28251233263311354,0.11533517683242682,6
lh_sts,nonwords,auditory,julian,sts,lh,0.17093607005355863,0.15518876042992313,0.06335554614472212,6
lh_sts,objects,visual,julian,sts,lh,0.38334531269621136,0.2599624623931942,0.10612923085679782,6
lh_sts,quilted_speech,auditory,julian,sts,lh,0.07210663649158501,0.1117042858956946,0.045603083754403924,6
lh_sts,scenes,visual,julian,sts,lh,0.23608445619841015,0.27711857419279884,0.11313318416999331,6
lh_sts,words_scr_objects,visual,julian,sts,lh,0.13766584594048323,0.2954037994332182,0.1205980961151412,6
lh_supfrontal,bodies,visual,md,supfrontal,lh,0.20710578758182496,0.1238262647619036,0.050551860903572825,6
lh_supfrontal,faces,visual,md,supfrontal,lh,0.22171857658234148,0.208641261281052,0.08517743823821367,6
lh_supfrontal,false_belief,auditory,md,supfrontal,lh,0.1504360832797727,0.10190684104594779,0.041603293643580806,6
lh_supfrontal,false_photo,auditory,md,supfrontal,lh,0.14870214344221946,0.09588923661701984,0.039146616922783206,6
lh_supfrontal,math,auditory,md,supfrontal,lh,0.5763989132874111,0.31330512337909605,0.12790628101308565,6
lh_supfrontal,nonwords,auditory,md,supfrontal,lh,0.11092446126309947,0.13114449677663395,0.05353951661280441,6
lh_supfrontal,objects,visual,md,supfrontal,lh,0.19368393311664542,0.12636397741890318,0.05158787775748141,6
lh_supfrontal,quilted_speech,auditory,md,supfrontal,lh,0.11032015586581911,0.17850764009684297,0.07287543890427467,6
lh_supfrontal,scenes,visual,md,supfrontal,lh,0.24379785181860023,0.10424471056695926,0.042557724878861315,6
lh_supfrontal,words_scr_objects,visual,md,supfrontal,lh,0.15185244342027862,0.06249212031654642,0.02551230128669212,6
lh_tpj,bodies,visual,tom,tpj,lh,0.22429262260712898,0.26571638631826067,0.1084782604626653,6
lh_tpj,faces,visual,tom,tpj,lh,0.11512628224753495,0.22340043910795904,0.0912028473547006,6
lh_tpj,false_belief,auditory,tom,tpj,lh,0.6789767739944291,0.39087208048524874,0.15957285864815626,6
lh_tpj,false_photo,auditory,tom,tpj,lh,0.2634940594419582,0.3751842811079342,0.15316834137122756,6
lh_tpj,math,auditory,tom,tpj,lh,-0.24659715322836892,0.2381021453727336,0.09720479380419669,6
lh_tpj,nonwords,auditory,tom,tpj,lh,-0.10222150447948575,0.2959003226559282,0.12080080087198815,6
lh_tpj,objects,visual,tom,tpj,lh,0.07201120636212116,0.2133614698136348,0.08710445530227352,6
lh_tpj,quilted_speech,auditory,tom,tpj,lh,-0.07552465499892226,0.12944838666383465,0.05284708255881562,6
lh_tpj,scenes,visual,tom,tpj,lh,0.08169044009453984,0.3172246111576541,0.12950640519817597,6
lh_tpj,words_scr_objects,visual,tom,tpj,lh,0.0312512872691696,0.2958146001435866,0.12076580480287046,6
lh_vwfa,bodies,visual,vwfa,vwfa,lh,0.250371141094564,0.19774376953152797,0.08072855586112641,6
lh_vwfa,faces,visual,vwfa,vwfa,lh,0.24507211284237018,0.15459923154458324,0.06311487198510304,6
lh_vwfa,false_belief,auditory,vwfa,vwfa,lh,0.31628018814626097,0.18195727486717936,0.0742837464019892,6
lh_vwfa,false_photo,auditory,vwfa,vwfa,lh,0.32600367781855016,0.2070248161064437,0.08451752725905125,6
lh_vwfa,math,auditory,vwfa,vwfa,lh,0.2935961088174372,0.20530601638025014,0.08381583020918298,6
lh_vwfa,nonwords,auditory,vwfa,vwfa,lh,0.3013477130887625,0.2104235209394424,0.08590504269691424,6
lh_vwfa,objects,visual,vwfa,vwfa,lh,0.28353388189244666,0.19022025036167556,0.07765709202176206,6
lh_vwfa,quilted_speech,auditory,vwfa,vwfa,lh,0.2335186312446507,0.11439686501748506,0.04670232457781357,6
lh_vwfa,scenes,visual,vwfa,vwfa,lh,0.1652425143233709,0.11006604027405477,0.04493427278000956,6
lh_vwfa,words_scr_objects,visual,vwfa,vwfa,lh,0.4678834697206316,0.2968238508148467,0.12117782966406186,6
rh_ag,bodies,visual,language,ag,rh,0.1459256233907111,0.14713951906486747,0.06006945711790713,6
rh_ag,faces,visual,language,ag,rh,0.06281107329300638,0.12174932202057516,0.04970395258003416,6
rh_ag,false_belief,auditory,language,ag,rh,0.21769579550335896,0.13321624409610103,0.05438530391424992,6
rh_ag,false_photo,auditory,language,ag,rh,0.09632151172747748,0.17925582767636308,0.07318088520456005,6
rh_ag,math,auditory,language,ag,rh,-0.037200669504245595,0.16715609840399454,0.06824119141404003,6
rh_ag,nonwords,auditory,language,ag,rh,0.07486561647866435,0.20337629740571755,0.08302802573675437,6
rh_ag,objects,visual,language,ag,rh,0.037581120152194496,0.16866004636792295,0.06885517559926041,6
rh_ag,quilted_speech,auditory,language,ag,rh,0.061195507974414746,0.1879158064048665,0.07671630671592498,6
rh_ag,scenes,visual,language,ag,rh,0.18072295477476183,0.2727118435174167,0.11133414390523388,6
rh_ag,words_scr_objects,visual,language,ag,rh,-0.034805158817446,0.17288807019482968,0.07058125909863557,6
rh_antparietal,bodies,visual,md,antparietal,rh,0.15250929374179387,0.19815569838795943,0.08089672511255729,6
rh_antparietal,faces,visual,md,antparietal,rh,0.08774230872860576,0.1554963443493233,0.0634811167539914,6
rh_antparietal,false_belief,auditory,md,antparietal,rh,-0.14926393964767712,0.17873856967868595,0.0729697155112796,6
rh_antparietal,false_photo,auditory,md,antparietal,rh,-0.00519030352350854,0.22193424160620034,0.09060427473112523,6
rh_antparietal,math,auditory,md,antparietal,rh,0.6076709316441157,0.23294023470780073,0.09509745259971066,6
rh_antparietal,nonwords,auditory,md,antparietal,rh,0.07016527122669329,0.1493998320337135,0.0609922260233518,6
rh_antparietal,objects,visual,md,antparietal,rh,0.1008091399072259,0.1357914842189794,0.05543664129194898,6
rh_antparietal,quilted_speech,auditory,md,antparietal,rh,0.03226137792840098,0.10262988104753969,0.04189847348816769,6
rh_antparietal,scenes,visual,md,antparietal,rh,0.16995850027878048,0.19040773137113126,0.07773363082336679,6
rh_antparietal,words_scr_objects,visual,md,antparietal,rh,0.0787737572947667,0.206116263919472,0.08414661238192285,6
rh_anttemp,bodies,visual,language,anttemp,rh,0.306525899860471,0.32427025780709834,0.132382778398024,6
rh_anttemp,faces,visual,language,anttemp,rh,0.24476108207339872,0.20867837803161954,0.08519259108818042,6
rh_anttemp,false_belief,auditory,language,anttemp,rh,0.7580657120895172,0.48654656423133374,0.1986318030785081,6
rh_anttemp,false_photo,auditory,language,anttemp,rh,0.4529306037117898,0.5094647438886298,0.20798811074414295,6
rh_anttemp,math,auditory,language,anttemp,rh,-0.061492242616492145,0.21514876427568205,0.08783411521095984,6
rh_anttemp,nonwords,auditory,language,anttemp,rh,0.13904071344830818,0.3056534854413503,0.1247825129057525,6
rh_anttemp,objects,visual,language,anttemp,rh,0.20438962944755554,0.21897537312312734,0.08939632173120328,6
rh_anttemp,quilted_speech,auditory,language,anttemp,rh,0.024889570441552832,0.10963262941935538,0.04475733353951005,6
rh_anttemp,scenes,visual,language,anttemp,rh,0.3085021001719754,0.3501243761379688,0.14293767800805232,6
rh_anttemp,words_scr_objects,visual,language,anttemp,rh,0.1993772098752851,0.36319254100494125,0.14827273397449373,6
rh_eba,bodies,visual,julian,eba,rh,0.4876590259991646,0.2119867180029563,0.08654321522575192,6
rh_eba,faces,visual,julian,eba,rh,0.4009716269713816,0.23807460217360704,0.09719354934023937,6
rh_eba,false_belief,auditory,julian,eba,rh,0.36129350012937916,0.21060586847983978,0.08597948576855177,6
rh_eba,false_photo,auditory,julian,eba,rh,0.3689657164336619,0.19543317096662127,0.079785257947055,6
rh_eba,math,auditory,julian,eba,rh,0.33832398457186524,0.18523410468364498,0.07562150657270231,6
rh_eba,nonwords,auditory,julian,eba,rh,0.31679527396755214,0.2045050777675789,0.08348884838979345,6
rh_eba,objects,visual,julian,eba,rh,0.3834725811201019,0.1596822406264701,0.06519000175319563,6
rh_eba,quilted_speech,auditory,julian,eba,rh,0.30620570746880293,0.19383681649786458,0.07913354896421074,6
rh_eba,scenes,visual,julian,eba,rh,0.16900706854728734,0.1421624627826972,0.05803758239916868,6
rh_eba,words_scr_objects,visual,julian,eba,rh,0.19140540653876437,0.22769451142501146,0.09295589503726545,6
rh_ffa,bodies,visual,julian,ffa,rh,0.10916803909321726,0.08390145007208538,0.03425262355936801,6
rh_ffa,faces,visual,julian,ffa,rh,0.16537245780381934,0.1630968749083242,0.06658402036132187,6
rh_ffa,false_belief,auditory,julian,ffa,rh,0.15098191769736238,0.08285500040279212,0.033825412270822565,6
rh_ffa,false_photo,auditory,julian,ffa,rh,0.05537614623486454,0.08368499863565967,0.03416425763047877,6
rh_ffa,math,auditory,julian,ffa,rh,0.17156527957252588,0.15738751038012,0.06425318205304749,6
rh_ffa,nonwords,auditory,julian,ffa,rh,0.07154586773151747,0.05017667889524019,0.020484543380136003,6
rh_ffa,objects,visual,julian,ffa,rh,0.06986567787574484,0.10607302758483642,0.043304132175835654,6
rh_ffa,quilted_speech,auditory,julian,ffa,rh,0.11608223383333006,0.1004458164234018,0.0410068328391008,6
rh_ffa,scenes,visual,julian,ffa,rh,0.11810727125480658,0.0758199838177975,0.030953378776613586,6
rh_ffa,words_scr_objects,visual,julian,ffa,rh,0.07222059256191347,0.10458414668508306,0.042696299093807046,6
rh_ifg,bodies,visual,language,ifg,rh,0.31416204884075155,0.24644884632136008,0.10061232019748655,6
rh_ifg,faces,visual,language,ifg,rh,0.26468316180284873,0.21087644496237892,0.08608994815498809,6
rh_ifg,false_belief,auditory,language,ifg,rh,0.5175312910813613,0.3251762087725068,0.13275263133089613,6
rh_ifg,false_photo,auditory,language,ifg,rh,0.44132432359576196,0.3499227088131632,0.142855347667458,6
rh_ifg,math,auditory,language,ifg,rh,0.16916856084711243,0.21699928935591342,0.08858958891142481,6
rh_ifg,nonwords,auditory,language,ifg,rh,0.2356861830123056,0.22695380905479876,0.09265350456088359,6
rh_ifg,objects,visual,language,ifg,rh,0.2882647987934455,0.1909477200666412,0.07795408028517854,6
rh_ifg,quilted_speech,auditory,language,ifg,rh,0.11127210223326528,0.14282402527559684,0.05830766415592998,6
rh_ifg,scenes,visual,language,ifg,rh,0.3001090652792514,0.21425080067251678,0.08746752310506885,6
rh_ifg,words_scr_objects,visual,language,ifg,rh,0.25530668307219956,0.29673588308072085,0.12114191698698902,6
rh_ifgorb,bodies,visual,language,ifgorb,rh,0.1918760653003918,0.2571610347901183,0.1049855528269838,6
rh_ifgorb,faces,visual,language,ifgorb,rh,0.14281781049568346,0.1817857482336361,0.07421372094707615,6
rh_ifgorb,false_belief,auditory,language,ifgorb,rh,0.3562968834869884,0.392022053726063,0.16004233325779788,6
rh_ifgorb,false_photo,auditory,language,ifgorb,rh,0.24066297670819725,0.3526357675197325,0.14396294924634304,6
rh_ifgorb,math,auditory,language,ifgorb,rh,0.12276810972186895,0.18561078671375514,0.07577528636754324,6
rh_ifgorb,nonwords,auditory,language,ifgorb,rh,0.09439937730840527,0.26411427023675965,0.10782419931126787,6
rh_ifgorb,objects,visual,language,ifgorb,rh,0.11530257355927627,0.22257024869854555,0.09086392353929805,6
rh_ifgorb,quilted_speech,auditory,language,ifgorb,rh,0.0104419067932603,0.11659440727454638,0.047599467447480955,6
rh_ifgorb,scenes,visual,language,ifgorb,rh,0.1870745227306392,0.2018820094138359,0.082417985218608,6
rh_ifgorb,words_scr_objects,visual,language,ifgorb,rh,0.12394433949837448,0.36567675217337725,0.14928690893715896,6
rh_insula,bodies,visual,md,insula,rh,0.1593453825634895,0.12148195827381998,0.049594801787489345,6
rh_insula,faces,visual,md,insula,rh,0.0749909429239858,0.10815167252382864,0.04415273541866059,6
rh_insula,false_belief,auditory,md,insula,rh,0.07933688187988326,0.14821829803397316,0.06050986678783289,6
rh_insula,false_photo,auditory,md,insula,rh,0.12089664494014245,0.17527960485249902,0.07155759903421416,6
rh_insula,math,auditory,md,insula,rh,0.3666232790431592,0.14295782708406427,0.05836228851549777,6
rh_insula,nonwords,auditory,md,insula,rh,0.12604052301958882,0.1022497471604825,0.04174328447862922,6
rh_insula,objects,visual,md,insula,rh,0.08837084803539401,0.13232442266860192,0.05402121934107437,6
rh_insula,quilted_speech,auditory,md,insula,rh,0.05448484402391781,0.08161981052695493,0.033321148115613757,6
rh_insula,scenes,visual,md,insula,rh,0.20145103799458,0.13422162322338144,0.05479574822423021,6
rh_insula,words_scr_objects,visual,md,insula,rh,0.17803538598785007,0.22265606884966616,0.0908989594692804,6
rh_loc,bodies,visual,julian,loc,rh,0.6901473233735511,0.4046250952765757,0.16518750342543972,6
rh_loc,faces,visual,julian,loc,rh,0.6267415427501489,0.3944685712613994,0.1610411198591888,6
rh_loc,false_belief,auditory,julian,loc,rh,0.751737792803811,0.47447184498958667,0.19370231959023376,6
rh_loc,false_photo,auditory,julian,loc,rh,0.6947531945316016,0.4086263854010835,0.16682102327841997,6
rh_loc,math,auditory,julian,loc,rh,0.5613427310101539,0.3410446211153503,0.13923088354223762,6
rh_loc,nonwords,auditory,julian,loc,rh,0.6747651158660121,0.39036862667621347,0.1593673244912901,6
rh_loc,objects,visual,julian,loc,rh,0.9182096202718175,0.5418568894628923,0.2212121487992922,6
rh_loc,quilted_speech,auditory,julian,loc,rh,0.6315673635791702,0.385358308834836,0.15732187079786716,6
rh_loc,scenes,visual,julian,loc,rh,0.5731512799940489,0.3531750261907421,0.14418310067690052,6
rh_loc,words_scr_objects,visual,julian,loc,rh,0.4500999282767368,0.26234558835226635,0.10710213795554907,6
rh_medialfrontal,bodies,visual,md,medialfrontal,rh,0.2020862114108861,0.1656883044277017,0.06764196703246532,6
rh_medialfrontal,faces,visual,md,medialfrontal,rh,0.12021610391243441,0.1906573060823136,0.07783551927255,6
rh_medialfrontal,false_belief,auditory,md,medialfrontal,rh,-0.016329779935656392,0.24962264831911532,0.10190801943734092,6
rh_medialfrontal,false_photo,auditory,md,medialfrontal,rh,0.06326404960736814,0.3027205468247627,0.12358514572949515,6
rh_medialfrontal,math,auditory,md,medialfrontal,rh,0.5021906081980826,0.1882434176174117,0.07685005343338336,6
rh_medialfrontal,nonwords,auditory,md,medialfrontal,rh,0.06347738308111804,0.1882504517652164,0.0768529251121995,6
rh_medialfrontal,objects,visual,md,medialfrontal,rh,0.07430574872492542,0.12983110170847723,0.05300332532152575,6
rh_medialfrontal,quilted_speech,auditory,md,medialfrontal,rh,0.06669596398594568,0.11835067589431356,0.04831646110909624,6
rh_medialfrontal,scenes,visual,md,medialfrontal,rh,0.18797198994738898,0.17563083573728713,0.07170098844248701,6
rh_medialfrontal,words_scr_objects,visual,md,medialfrontal,rh,0.11680587860381987,0.2818324935382829,0.11505763368417171,6
rh_mfg,bodies,visual,language,mfg,rh,0.5377187830901186,0.5369208251527083,0.2191970089830399,6
rh_mfg,faces,visual,language,mfg,rh,0.4436062583933101,0.41289053596196007,0.16856185545517835,6
rh_mfg,false_belief,auditory,language,mfg,rh,0.7268180142948917,0.7019348281291741,0.2865636936007808,6
rh_mfg,false_photo,auditory,language,mfg,rh,0.5834590802550267,0.7257716455496162,0.29629503356277553,6
rh_mfg,math,auditory,language,mfg,rh,0.4072148096282382,0.42954347005542887,0.1753603873300444,6
rh_mfg,nonwords,auditory,language,mfg,rh,0.2994323436780206,0.2969375972152401,0.12122426643756891,6
rh_mfg,objects,visual,language,mfg,rh,0.4462189060397798,0.39762408286136264,0.16232935207541271,6
rh_mfg,quilted_speech,auditory,language,mfg,rh,0.24435685002496177,0.1902419767480382,0.07766596178185257,6
rh_mfg,scenes,visual,language,mfg,rh,0.4423905884130305,0.4990239214638496,0.20372566283818966,6
rh_mfg,words_scr_objects,visual,language,mfg,rh,0.37657405342968203,0.47839140893869864,0.1953024748718225,6
rh_midfrontal,bodies,visual,md,midfrontal,rh,0.13602064361121452,0.21674327119970427,0.0884850699368247,6
rh_midfrontal,faces,visual,md,midfrontal,rh,0.12611646364241752,0.11635114283899359,0.04750015515753587,6
rh_midfrontal,false_belief,auditory,md,midfrontal,rh,-0.08783061227042509,0.2886748875407628,0.11785102933836433,6
rh_midfrontal,false_photo,auditory,md,midfrontal,rh,0.06610846393552909,0.28188775534901794,0.11508019422393223,6
rh_midfrontal,math,auditory,md,midfrontal,rh,0.4334071667555632,0.16096907375455877,0.0657153491778501,6
rh_midfrontal,nonwords,auditory,md,midfrontal,rh,0.09763048222580463,0.1738048070904952,0.07095551536909617,6
rh_midfrontal,objects,visual,md,midfrontal,rh,0.08220509129486721,0.17316422825272246,0.07069400015366811,6
rh_midfrontal,quilted_speech,auditory,md,midfrontal,rh,0.06247312470529553,0.12464238918737981,0.050885042305079294,6
rh_midfrontal,scenes,visual,md,midfrontal,rh,0.14916760305954668,0.20863339753571214,0.08517422787762201,6
rh_midfrontal,words_scr_objects,visual,md,midfrontal,rh,0.07339652157792964,0.2416945559368661,0.0986713892756481,6
rh_midparietal,bodies,visual,md,midparietal,rh,0.2648177620338917,0.3281016420109869,0.13394693444937178,6
rh_midparietal,faces,visual,md,midparietal,rh,0.16641108066851598,0.21515478791737805,0.08783657435238461,6
rh_midparietal,false_belief,auditory,md,midparietal,rh,-0.03864143650116341,0.4196810374895163,0.17133406609519544,6
rh_midparietal,false_photo,auditory,md,midparietal,rh,0.09307267552188114,0.38574733146186413,0.15748068862030315,6
rh_midparietal,math,auditory,md,midparietal,rh,0.6987124231548728,0.2544463587431949,0.10387729097166411,6
rh_midparietal,nonwords,auditory,md,midparietal,rh,0.2019921073476183,0.2569053996932085,0.10488119023568782,6
rh_midparietal,objects,visual,md,midparietal,rh,0.20055360385664012,0.21313581116945676,0.08701233054655944,6
rh_midparietal,quilted_speech,auditory,md,midparietal,rh,0.08301014642689812,0.1685518591775687,0.0688110083637482,6
rh_midparietal,scenes,visual,md,midparietal,rh,0.17399122607528483,0.36792819966721557,0.1502060585275876,6
rh_midparietal,words_scr_objects,visual,md,midparietal,rh,0.2060736765440664,0.3326534112937343,0.13580518647763934,6
rh_ofa,bodies,visual,julian,ofa,rh,0.3707470174307879,0.13592943982779493,0.05549296143340782,6
rh_ofa,faces,visual,julian,ofa,rh,0.6237551029071039,0.5208991433698281,0.21265618478482304,6
rh_ofa,false_belief,auditory,julian,ofa,rh,0.5091325441034201,0.16388929978124492,0.0669075264610128,6
rh_ofa,false_photo,auditory,julian,ofa,rh,0.4188351904838928,0.17161465480258012,0.0700613894416993,6
rh_ofa,math,auditory,julian,ofa,rh,0.3992814394312136,0.14409817339418873,0.058827832947142854,6
rh_ofa,nonwords,auditory,julian,ofa,rh,0.3893347663541647,0.22345592043828294,0.091225497512958,6
rh_ofa,objects,visual,julian,ofa,rh,0.3825681828795226,0.12136086202458896,0.049545364450759195,6
rh_ofa,quilted_speech,auditory,julian,ofa,rh,0.39743720034131735,0.2421314703056956,0.09884975881980185,6
rh_ofa,scenes,visual,julian,ofa,rh,0.3777529795346582,0.1347381083302302,0.055006602386151265,6
rh_ofa,words_scr_objects,visual,julian,ofa,rh,0.3225616647010448,0.15400688592813372,0.06287304789982374,6
rh_opa,bodies,visual,julian,opa,rh,0.2737437308605482,0.2119618836378697,0.08653307663866056,6
rh_opa,faces,visual,julian,opa,rh,0.2608625939237202,0.21884408234780414,0.08934272249662391,6
rh_opa,false_belief,auditory,julian,opa,rh,0.5075893284211872,0.4240872632432745,0.17313290022656508,6
rh_opa,false_photo,auditory,julian,opa,rh,0.40671455402772505,0.3288651484879208,0.13425863466333812,6
rh_opa,math,auditory,julian,opa,rh,0.4024618341632941,0.3065719963503085,0.12515749341410712,6
rh_opa,nonwords,auditory,julian,opa,rh,0.41104404282734924,0.31246841976835615,0.12756469819437613,6
rh_opa,objects,visual,julian,opa,rh,0.40875732647763435,0.3020791008734605,0.1233232765164511,6
rh_opa,quilted_speech,auditory,julian,opa,rh,0.3950069802697364,0.33654607098028355,0.13739435814003068,6
rh_opa,scenes,visual,julian,opa,rh,0.6452892855127155,0.5645647620191326,0.23048259895044856,6
rh_opa,words_scr_objects,visual,julian,opa,rh,0.4825046135915083,0.39383012540760065,0.16078047543082175,6
rh_postparietal,bodies,visual,md,postparietal,rh,0.22942244255803898,0.22662914406240445,0.09252096063276515,6
rh_postparietal,faces,visual,md,postparietal,rh,0.1697346129265913,0.16679133867806753,0.06809227887950026,6
rh_postparietal,false_belief,auditory,md,postparietal,rh,-0.001338784212425966,0.28391584171089834,0.115908157014083,6
rh_postparietal,false_photo,auditory,md,postparietal,rh,0.2009805379604944,0.2535482279716985,0.10351063061958772,6
rh_postparietal,math,auditory,md,postparietal,rh,0.5462265286527099,0.19932316753701718,0.08137334239682942,6
rh_postparietal,nonwords,auditory,md,postparietal,rh,0.3280844528405242,0.1659400023934036,0.06774472229667636,6
rh_postparietal,objects,visual,md,postparietal,rh,0.28774022870769395,0.13711425093996965,0.055976658544475734,6
rh_postparietal,quilted_speech,auditory,md,postparietal,rh,0.21765499833511412,0.1508171608420397,0.06157084808637616,6
rh_postparietal,scenes,visual,md,postparietal,rh,0.38427171131617893,0.2191044449997814,0.08944901510419426,6
rh_postparietal,words_scr_objects,visual,md,postparietal,rh,0.18867558464361614,0.1920780287044345,0.0784155268542542,6
rh_posttemp,bodies,visual,language,posttemp,rh,0.4609600222110983,0.4107529743590963,0.16768919958504802,6
rh_posttemp,faces,visual,language,posttemp,rh,0.3233194270204452,0.29426566374667845,0.12013345416679544,6
rh_posttemp,false_belief,auditory,language,posttemp,rh,0.661103362917415,0.5157926762587443,0.2105714783164131,6
rh_posttemp,false_photo,auditory,language,posttemp,rh,0.4469258788760306,0.5197851484814145,0.2122013982760427,6
rh_posttemp,math,auditory,language,posttemp,rh,0.18586996055669033,0.355071891596177,0.14495749273590935,6
rh_posttemp,nonwords,auditory,language,posttemp,rh,0.28318295906241925,0.35769715384434186,0.14602925156074198,6
rh_posttemp,objects,visual,language,posttemp,rh,0.36147024892459073,0.31019463036223854,0.12663642755645377,6
rh_posttemp,quilted_speech,auditory,language,posttemp,rh,0.17044327488157987,0.19409946696242664,0.07924077556735773,6
rh_posttemp,scenes,visual,language,posttemp,rh,0.3226763655564993,0.4052175305533863,0.16542936411440812,6
rh_posttemp,words_scr_objects,visual,language,posttemp,rh,0.28050144221467166,0.41926309037548204,0.17116343990038663,6
rh_ppa,bodies,visual,julian,ppa,rh,0.06983382114715049,0.10998858826834211,0.044902653131084366,6
rh_ppa,faces,visual,julian,ppa,rh,0.05079482697700033,0.10216563065803458,0.04170894406030505,6
rh_ppa,false_belief,auditory,julian,ppa,rh,0.1744987326944604,0.15883304201798573,0.0648433178730176,6
rh_ppa,false_photo,auditory,julian,ppa,rh,0.09239319780045141,0.11212208578025996,0.04577364984303373,6
rh_ppa,math,auditory,julian,ppa,rh,0.13327368478141996,0.12330587470729251,0.050339412553403455,6
rh_ppa,nonwords,auditory,julian,ppa,rh,0.13853782487673494,0.1537259937607459,0.06275837415268298,6
rh_ppa,objects,visual,julian,ppa,rh,0.09620527418234226,0.18540047360948747,0.07568942640226381,6
rh_ppa,quilted_speech,auditory,julian,ppa,rh,0.11883056057680237,0.1536918078195155,0.06274441780061778,6
rh_ppa,scenes,visual,julian,ppa,rh,0.3580916699572911,0.24776081861738453,0.10114793064447448,6
rh_ppa,words_scr_objects,visual,julian,ppa,rh,0.08109949381948234,0.15817683086565032,0.06457542079189334,6
rh_precentral_a_precg,bodies,visual,md,precentral_a_precg,rh,0.35601712680175135,0.27308486906490415,0.11148643094729498,6
rh_precentral_a_precg,faces,visual,md,precentral_a_precg,rh,0.23793283115576966,0.1405828525446383,0.05739270921988192,6
rh_precentral_a_precg,false_belief,auditory,md,precentral_a_precg,rh,0.16619185455472632,0.19583602788330215,0.07994972359459152,6
rh_precentral_a_precg,false_photo,auditory,md,precentral_a_precg,rh,0.24050769541874514,0.2997007178383839,0.12235230570831282,6
rh_precentral_a_precg,math,auditory,md,precentral_a_precg,rh,0.6103998622611481,0.3927024771072105,0.160320114939943,6
rh_precentral_a_precg,nonwords,auditory,md,precentral_a_precg,rh,0.26800262852121504,0.1697226629489112,0.06928898700186742,6
rh_precentral_a_precg,objects,visual,md,precentral_a_precg,rh,0.33275692245444194,0.15854300737691018,0.0647249117266232,6
rh_precentral_a_precg,quilted_speech,auditory,md,precentral_a_precg,rh,0.20649999113712716,0.09844025133431415,0.04018806432006676,6
rh_precentral_a_precg,scenes,visual,md,precentral_a_precg,rh,0.3309203081837173,0.28585349000846855,0.11669919861908623,6
rh_precentral_a_precg,words_scr_objects,visual,md,precentral_a_precg,rh,0.24594359557372633,0.2872357354953849,0.11726349797612122,6
rh_precentral_b_ifgop,bodies,visual,md,precentral_b_ifgop,rh,0.2196432473186106,0.1865368376089762,0.07615334506239976,6
rh_precentral_b_ifgop,faces,visual,md,precentral_b_ifgop,rh,0.1507036004697885,0.10000415300285283,0.04082652450270126,6
rh_precentral_b_ifgop,false_belief,auditory,md,precentral_b_ifgop,rh,0.02193166425281422,0.12091733959668205,0.04936429717778382,6
rh_precentral_b_ifgop,false_photo,auditory,md,precentral_b_ifgop,rh,0.11398540729900314,0.19847389094100298,0.08102662667837567,6
rh_precentral_b_ifgop,math,auditory,md,precentral_b_ifgop,rh,0.6186319581090012,0.1892890647450013,0.07727693708565025,6
rh_precentral_b_ifgop,nonwords,auditory,md,precentral_b_ifgop,rh,0.18839434680340125,0.13865377900793777,0.05660516824634485,6
rh_precentral_b_ifgop,objects,visual,md,precentral_b_ifgop,rh,0.22235826586191224,0.14390447358379233,0.058748755330685354,6
rh_precentral_b_ifgop,quilted_speech,auditory,md,precentral_b_ifgop,rh,0.1042456343417384,0.059043370422298534,0.02410435503812799,6
rh_precentral_b_ifgop,scenes,visual,md,precentral_b_ifgop,rh,0.23315026668792857,0.1902821475816882,0.0776823614560167,6
rh_precentral_b_ifgop,words_scr_objects,visual,md,precentral_b_ifgop,rh,0.19813226348034807,0.19821482062155002,0.08092086166334905,6
rh_rsc,bodies,visual,julian,rsc,rh,0.09866379743729652,0.15366916873816164,0.06273517543435739,6
rh_rsc,faces,visual,julian,rsc,rh,0.15865736259662164,0.14663413155268537,0.05986313353003699,6
rh_rsc,false_belief,auditory,julian,rsc,rh,0.36184321731831837,0.31802392033508825,0.12983272180341554,6
rh_rsc,false_photo,auditory,julian,rsc,rh,0.18060915782361756,0.2343099417532157,0.09565663315943763,6
rh_rsc,math,auditory,julian,rsc,rh,0.26072149485640883,0.2261007425619805,0.09230524162353854,6
rh_rsc,nonwords,auditory,julian,rsc,rh,0.24300945913659822,0.28174794131961384,0.11502311538544516,6
rh_rsc,objects,visual,julian,rsc,rh,0.2382129816953472,0.27871723480989613,0.11378583463395518,6
rh_rsc,quilted_speech,auditory,julian,rsc,rh,0.22979536318040697,0.31301900250297143,0.12778947265454174,6
rh_rsc,scenes,visual,julian,rsc,rh,0.6879458878105348,0.7369968864349673,0.3008777189642652,6
rh_rsc,words_scr_objects,visual,julian,rsc,rh,0.07419545114638858,0.21422531255601773,0.08745711762508096,6
rh_sts,bodies,visual,julian,sts,rh,0.00520853299781935,0.06748930955998732,0.027552395252451272,6
rh_sts,faces,visual,julian,sts,rh,0.05261787894518172,0.07988946852203553,0.0326147389501876,6
rh_sts,false_belief,auditory,julian,sts,rh,0.046564644591019826,0.07346675734411816,0.029992678091659692,6
rh_sts,false_photo,auditory,julian,sts,rh,0.0018770642519132716,0.033422673375982356,0.013644749268476865,6
rh_sts,math,auditory,julian,sts,rh,-0.03818952156639698,0.0721964954357284,0.029474095839118208,6
rh_sts,nonwords,auditory,julian,sts,rh,-0.007515937109702036,0.06377288431888786,0.026035171001135664,6
rh_sts,objects,visual,julian,sts,rh,-0.027317546056828405,0.0787450909936967,0.032147548780598015,6
rh_sts,quilted_speech,auditory,julian,sts,rh,0.021872058194199035,0.09447501134406994,0.03856926187277061,6
rh_sts,scenes,visual,julian,sts,rh,0.03056674728963694,0.06589618399045234,0.02690200446219435,6
rh_sts,words_scr_objects,visual,julian,sts,rh,-0.06846916025373624,0.0584480106291574,0.023861300420367205,6
rh_supfrontal,bodies,visual,md,supfrontal,rh,0.17076905251546368,0.08774744212635091,0.03582274324065952,6
rh_supfrontal,faces,visual,md,supfrontal,rh,0.14082113643536073,0.1101754670899591,0.0449789460905334,6
rh_supfrontal,false_belief,auditory,md,supfrontal,rh,0.10737722292497272,0.0922170294281345,0.03764744461569166,6
rh_supfrontal,false_photo,auditory,md,supfrontal,rh,0.12121750537176275,0.12576246807677283,0.051342312596858654,6
rh_supfrontal,math,auditory,md,supfrontal,rh,0.43518952954248213,0.1372361601764429,0.0560264277818577,6
rh_supfrontal,nonwords,auditory,md,supfrontal,rh,0.10922010862084403,0.04987668464891226,0.02036207124192363,6
rh_supfrontal,objects,visual,md,supfrontal,rh,0.15003961877800595,0.08881709951304222,0.03625942904015828,6
rh_supfrontal,quilted_speech,auditory,md,supfrontal,rh,0.06256834885874486,0.12571463489839452,0.051322784783558256,6
rh_supfrontal,scenes,visual,md,supfrontal,rh,0.19128676253568266,0.08503327352639417,0.034714688549696476,6
rh_supfrontal,words_scr_objects,visual,md,supfrontal,rh,0.11912008855461713,0.11070728719138012,0.04519606073777285,6
rh_tpj,bodies,visual,tom,tpj,rh,0.06778115111981618,0.300126729624375,0.12252622429166111,6
rh_tpj,faces,visual,tom,tpj,rh,0.0388774785772848,0.2502717734150038,0.10217302364803457,6
rh_tpj,false_belief,auditory,tom,tpj,rh,0.3904239600374349,0.29465833848826567,0.12029376295875674,6
rh_tpj,false_photo,auditory,tom,tpj,rh,-0.040678565667605755,0.3590983775606871,0.14660129874749733,6
rh_tpj,math,auditory,tom,tpj,rh,-0.27344743715696596,0.29494131074933616,0.12040928590058747,6
rh_tpj,nonwords,auditory,tom,tpj,rh,-0.02341644363550961,0.3144693493798015,0.12838157428758723,6
rh_tpj,objects,visual,tom,tpj,rh,-0.0369152026349013,0.2198125252033562,0.08973808763681497,6
rh_tpj,quilted_speech,auditory,tom,tpj,rh,-0.03735261769414485,0.1797858866748235,0.0733972808845265,6
rh_tpj,scenes,visual,tom,tpj,rh,0.0014813547756321692,0.32261291169542444,0.13170616968122623,6
rh_tpj,words_scr_objects,visual,tom,tpj,rh,-0.03521318122306092,0.32009434620964056,0.13067796962723366,6
speech,bodies,visual,speech,speech,bilateral,0.9100407977849708,0.41398858074774897,0.16901013036182944,6
speech,faces,visual,speech,speech,bilateral,0.7531947998044521,0.2850289740210036,0.11636259137674353,6
speech,false_belief,auditory,speech,speech,bilateral,1.1281654225352726,0.5207658865717217,0.2126017829248034,6
speech,false_photo,auditory,speech,speech,bilateral,0.9828591001554433,0.5447852781994246,0.2224076584947951,6
speech,math,auditory,speech,speech,bilateral,0.5777649376830607,0.27893659127692827,0.11387538653662324,6
speech,nonwords,auditory,speech,speech,bilateral,0.8987979364485299,0.4018649594710586,0.1640606827013893,6
speech,objects,visual,speech,speech,bilateral,0.8479494569417293,0.39021791290395474,0.1593057958514161,6
speech,quilted_speech,auditory,speech,speech,bilateral,0.513168442971162,0.14561129795320793,0.05944556346162134,6
speech,scenes,visual,speech,speech,bilateral,0.7803000423745347,0.4015287865538652,0.1639234406826448,6
speech,words_scr_objects,visual,speech,speech,bilateral,0.7592094853291284,0.4379161003119588,0.17877849931895873,6
